Adana,Hatay
Adana,Kahramanmaras
Adana,Kayseri
Adana,Mersin
Adana,Nigde
Adana,Osmaniye
Adiyaman,Diyarbakir
Adiyaman,Gaziantep
Adiyaman,Kahramanmaras
Adiyaman,Malatya
Adiyaman,Sanliurfa
Afyonkarahisar,Ankara
Afyonkarahisar,Burdur
Afyonkarahisar,Denizli
Afyonkarahisar,Eskisehir
Afyonkarahisar,Isparta
Afyonkarahisar,Konya
Afyonkarahisar,Kutahya
Afyonkarahisar,Usak
Agri,Bitlis
Agri,Erzurum
Agri,Igdir
Agri,Kars
Agri,Mus
Agri,Van
Aksaray,Ankara
Aksaray,Kirsehir
Aksaray,Konya
Aksaray,Nevsehir
Aksaray,Nigde
Amasya,Corum
Amasya,Samsun
Amasya,Samsun
Amasya,Tokat
Amasya,Yozgat
Ankara,Bolu
Ankara,Cankiri
Ankara,Eskisehir
Ankara,Kirikkale
Ankara,Kirsehir
Ankara,Konya
Antalya,Burdur
Antalya,Isparta
Antalya,Karaman
Antalya,Konya
Antalya,Mersin
Antalya,Mugla
Ardahan,Artvin
Ardahan,Erzurum
Ardahan,Kars
Artvin,Erzurum
Artvin,Rize
Aydin,Denizli
Aydin,Izmir
Aydin,Manisa
Aydin,Mugla
Balikesir,Bursa
Balikesir,Canakkale
Balikesir,Izmir
Balikesir,Kutahya
Balikesir,Manisa
Bartin,Karabuk
Bartin,Kastamonu
Bartin,Zonguldak
Batman,Bitlis
Batman,Diyarbakir
Batman,Mardin
Batman,Mus
Batman,Siirt
Bayburt,Erzincan
Bayburt,Erzurum
Bayburt,Gumushane
Bayburt,Rize
Bayburt,Trabzon
Bilecik,Bolu
Bilecik,Bursa
Bilecik,Eskisehir
Bilecik,Kocaeli
Bilecik,Kutahya
Bilecik,Sakarya
Bingol,Diyarbakir
Bingol,Elazig
Bingol,Erzincan
Bingol,Erzurum
Bingol,Mus
Bingol,Tunceli
Bitlis,Mus
Bitlis,Siirt
Bitlis,Van
Bolu,Cankiri
Bolu,Duzce
Bolu,Eskisehir
Bolu,Sakarya
Bolu,Zonguldak
Burdur,Denizli
Burdur,Isparta
Burdur,Mugla
Bursa,Kocaeli
Bursa,Kutahya
Bursa,Sakarya
Bursa,Yalova
Canakkale,Edirne
Canakkale,Tekirdag
Cankiri,Corum
Cankiri,Karabuk
Cankiri,Kastamonu
Cankiri,Kirikkale
Cankiri,Zonguldak
Corum,Kastamonu
Corum,Kirikkale
Corum,Samsun
Corum,Sinop
Corum,Yozgat
Denizli,Manisa
Denizli,Mugla
Denizli,Usak
Diyarbakir,Elazig
Diyarbakir,Malatya
Diyarbakir,Mardin
Diyarbakir,Mus
Diyarbakir,Sanliurfa
Duzce,Sakarya
Duzce,Zonguldak
Edirne,Kirikkale
Edirne,Kirklareli
Edirne,Tekirdag
Elazig,Erzincan
Elazig,Malatya
Elazig,Tunceli
Erzincan,Erzurum
Erzincan,Giresun
Erzincan,Gumushane
Erzincan,Malatya
Erzincan,Sivas
Erzincan,Tunceli
Erzurum,Kars
Erzurum,Mus
Erzurum,Rize
Erzurum,Trabzon
Eskisehir,Konya
Eskisehir,Kutahya
Gaziantep,Hatay
Gaziantep,Kahramanmaras
Gaziantep,Kilis
Gaziantep,Osmaniye
Gaziantep,Sanliurfa
Giresun,Gumushane
Giresun,Ordu
Giresun,Sivas
Giresun,Trabzon
Gumushane,Trabzon
Hakkari,Sirnak
Hakkari,Van
Hatay,Kilis
Hatay,Osmaniye
Igdir,Kars
Isparta,Konya
Istanbul,Kirklareli
Istanbul,Kocaeli
Istanbul,Tekirdag
Izmir,Manisa
Kahramanmaras,Kayseri
Kahramanmaras,Malatya
Kahramanmaras,Osmaniye
Kahramanmaras,Sivas
Karabuk,Kastamonu
Karabuk,Zonguldak
Karaman,Konya
Karaman,Mersin
Kastamonu,Sinop
Kayseri,Nevsehir
Kayseri,Nigde
Kayseri,Sivas
Kayseri,Yozgat
Kirikkale,Kirsehir
Kirikkale,Yozgat
Kirklareli,Tekirdag
Kirsehir,Nevsehir
Kirsehir,Yozgat
Kocaeli,Sakarya
Kocaeli,Yalova
Konya,Mersin
Konya,Nigde
Kutahya,Manisa
Kutahya,Usak
Malatya,Sivas
Manisa,Usak
Mardin,Sanliurfa
Mardin,Siirt
Mardin,Sirnak
Mersin,Nigde
Nevsehir,Nigde
Nevsehir,Yozgat
Ordu,Samsun
Ordu,Sivas
Ordu,Tokat
Rize,Trabzon
Samsun,Sinop
Samsun,Tokat
Siirt,Sirnak
Siirt,Van
Sirnak,Van
Sirnak,Van
Sivas,Tokat
Sivas,Yozgat
Tokat,Yozgat